order_source,order_id,Custom Status,order_status,order_created_date_time,full_name,email,TEPAccountNumber,productcode,productlongname,LicenceManagerOrderMatch,LicenceManagerISBNMatch
Big Commerce,136,Order Pending,Incomplete,11/02/2026 13:04,Alexa Foley,alexa20261@yopmail.com,,9781410000001,ActiveHub Secondary KS4 Core Essential Practice KS4 Maths,Not Match,Not Match
Big Commerce,137,Order Complete,Complete,10/08/2026 09:12,Marcus Bell,m.bell@northgate-academy.org,TEP0010423,9781410000018,ActiveHub Secondary KS3 Science Foundation Pack,Match,Match
Big Commerce,138,Order Complete,Complete,09/08/2026 15:47,Priya Nair,p.nair@lakesideacademy.org,TEP0010511,9781410000025,ActiveHub Secondary KS4 English Literature Anthology,Not Match,Not Match
Big Commerce,139,Order Complete,Complete,08/08/2026 11:03,Tom Whitfield,t.whitfield@meadowbrook.sch.uk,TEP0010677,9781410000032,ActiveHub Primary Year 6 Maths Mastery,Match,Not Match
Big Commerce,140,Order Cancelled,Cancelled,07/08/2026 16:22,Sarah Kaur,s.kaur@pinewoodtrust.org,TEP0010712,9781410000049,ActiveHub Secondary KS3 Geography Explorer,Not Match,Not Match
Big Commerce,141,Order Refunded,Refunded,06/08/2026 10:35,Daniel Osei,d.osei@riverdale.sch.uk,TEP0010788,9781410000056,ActiveHub Secondary KS4 Combined Science Revision,Not Match,Not Match
Big Commerce,142,Awaiting Dispatch,Awaiting Fulfillment,05/08/2026 08:19,Helen Cartwright,h.cartwright@thornbury.ac.uk,TEP0010801,9781410000063,ActiveHub Primary Year 4 Reading Comprehension,Match,Match
Big Commerce,143,Order Pending,Incomplete,20/06/2026 14:58,Ravi Chandra,r.chandra@westbrooktrust.org,TEP0010845,9781410000070,ActiveHub Secondary KS4 Core Essential Practice KS4 Maths,Not Match,Not Match
Big Commerce,144,Order Complete,Complete,04/08/2026 12:41,,,TEP0010902,9781410000087,ActiveHub Secondary KS3 History Sourcebook,Match,Match
Big Commerce,145,Order Complete,Complete,03/08/2026 17:26,Grace Lindqvist,g.lindqvist@valleypark.sch.uk,TEP0010933,9781410000094,ActiveHub Primary Year 5 Spelling and Grammar,Match,Match
Amazon Marketplace,146,Order Complete,Complete,02/08/2026 07:54,Owen Trelawny,o.trelawny@underhill.sch.uk,,9781410000100,ActiveHub Secondary KS4 English Literature Anthology,Not Match,Match
Big Commerce,147,Awaiting Payment,Awaiting Payment,09/08/2026 19:31,Fatima Zahra,f.zahra@brightonacademy.org,TEP0011002,9781410000117,ActiveHub Secondary KS3 Science Foundation Pack,Not Match,Not Match
Big Commerce,148,Order Dispatched,Shipped,01/08/2026 13:15,Callum Reid,c.reid@greenwoodprep.sch.uk,TEP0011078,9781410000124,ActiveHub Primary Year 6 Maths Mastery,Not Match,Not Match
Big Commerce,149,Order Complete,Complete,31/07/2026 09:48,Nadia Haddad,n.haddad@eastfield.sch.uk,TEP0011115,9781410000131,ActiveHub Secondary KS4 Combined Science Revision,Match,Match
Big Commerce,150,Escalated - Access Issue,Complete,30/07/2026 15:09,James Okonjo,j.okonjo@harrowvale.sch.uk,TEP0011190,9781410000148,ActiveHub Secondary KS3 Geography Explorer,Not Match,Not Match
Big Commerce,151,Order Complete,Complete,29/07/2026 11:37,Emily Sandhu,e.sandhu@kingsbridge.sch.uk,TEP0011233,9781410000155,ActiveHub Primary Year 4 Reading Comprehension,Match,Match
Big Commerce,152,Order Pending,Incomplete,10/08/2026 20:02,Leo Marchetti,l.marchetti@cavendishcollege.ac.uk,TEP0011287,9781410000162,ActiveHub Secondary KS3 History Sourcebook,Not Match,Not Match
Big Commerce,153,Order Declined,Declined,28/07/2026 14:24,Anita Fernandes,a.fernandes@oakhurst.sch.uk,TEP0011301,9781410000179,ActiveHub Secondary KS4 Core Essential Practice KS4 Maths,Not Match,Not Match
Big Commerce,154,Order Complete,Complete,27/07/2026 10:11,Stephen Boyle,s.boyle@dunmorehigh.sch.uk,TEP0011355,9781410000186,ActiveHub Primary Year 5 Spelling and Grammar,Match,Not Match
Big Commerce,155,Order Processing,Processing,09/08/2026 08:44,Yasmin Patel,y.patel@queensmead.sch.uk,TEP0011402,9781410000193,ActiveHub Secondary KS3 Science Foundation Pack,Match,Match
Big Commerce,137,Order Complete,Complete,10/08/2026 09:12,Marcus Bell,m.bell@northgate-academy.org,TEP0010423,9781410000209,ActiveHub Secondary KS3 Science Teacher Guide,Match,Match
Big Commerce,156,Order Pending,Incomplete,11/02/2026 13:04,Alexa Foley,alexa20261@yopmail.com,,9.78141E+12,ActiveHub Secondary KS4 Core Essential Practice KS4 Maths,Not Match,Not Match
,,,,,,,,,,,
,,,,,,,,,,,
,,,,,,,,,,,
,,,,,,,,,,,
,,,,,,,,,,,
